state,parliament,dun
Perlis,P.001 Padang Besar,N.01 Titi Tinggi
Perlis,P.001 Padang Besar,N.02 Beseri
Perlis,P.001 Padang Besar,N.03 Chuping
Perlis,P.001 Padang Besar,N.04 Mata Ayer
Perlis,P.001 Padang Besar,N.05 Santan
Perlis,P.002 Kangar,N.06 Bintong
Perlis,P.002 Kangar,N.07 Sena
Perlis,P.002 Kangar,N.08 Indera Kayangan
Perlis,P.002 Kangar,N.09 Kuala Perlis
Perlis,P.002 Kangar,N.10 Kayang
Perlis,P.003 Arau,N.11 Pauh
Perlis,P.003 Arau,N.12 Tambun Tulang
Perlis,P.003 Arau,N.13 Guar Sanji
Perlis,P.003 Arau,N.14 Simpang Empat
Perlis,P.003 Arau,N.15 Sanglang
Kedah,P.004 Langkawi,N.01 Ayer Hangat
Kedah,P.004 Langkawi,N.02 Kuah
Kedah,P.005 Jerlun,N.03 Kota Siputeh
Kedah,P.005 Jerlun,N.04 Ayer Hitam
Kedah,P.006 Kubang Pasu,N.05 Bukit Kayu Hitam
Kedah,P.006 Kubang Pasu,N.06 Jitra
Kedah,P.007 Padang Terap,N.07 Kuala Nerang
Kedah,P.007 Padang Terap,N.08 Pedu
Kedah,P.008 Pokok Sena,N.09 Bukit Lada
Kedah,P.008 Pokok Sena,N.10 Bukit Pinang
Kedah,P.008 Pokok Sena,N.11 Derga
Kedah,P.009 Alor Setar,N.12 Suka Menanti
Kedah,P.009 Alor Setar,N.13 Kota Darul Aman
Kedah,P.009 Alor Setar,N.14 Alor Mengkudu
Kedah,P.010 Kuala Kedah,N.15 Anak Bukit
Kedah,P.010 Kuala Kedah,N.16 Kubang Rotan
Kedah,P.010 Kuala Kedah,N.17 Pengkalan Kundor
Kedah,P.011 Pendang,N.18 Tokai
Kedah,P.011 Pendang,N.19 Sungai Tiang
Kedah,P.012 Jerai,N.20 Sungai Limau
Kedah,P.012 Jerai,N.21 Guar Chempedak
Kedah,P.012 Jerai,N.22 Gurun
Kedah,P.013 Sik,N.23 Belantek
Kedah,P.013 Sik,N.24 Jeneri
Kedah,P.014 Merbok,N.25 Bukit Selambau
Kedah,P.014 Merbok,N.26 Tanjong Dawai
Kedah,P.015 Sungai Petani,N.27 Pantai Merdeka
Kedah,P.015 Sungai Petani,N.28 Bakar Arang
Kedah,P.015 Sungai Petani,N.29 Sidam
Kedah,P.016 Baling,N.30 Bayu
Kedah,P.016 Baling,N.31 Kupang
Kedah,P.016 Baling,N.32 Kuala Ketil
Kedah,P.017 Padang Serai,N.33 Merbau Pulas
Kedah,P.017 Padang Serai,N.34 Lunas
Kedah,P.018 Kulim-Bandar Baharu,N.35 Kulim
Kedah,P.018 Kulim-Bandar Baharu,N.36 Bandar Baharu
Kelantan,P.019 Tumpat,N.01 Pengkalan Kubor
Kelantan,P.019 Tumpat,N.02 Kelaboran
Kelantan,P.019 Tumpat,N.03 Pasir Pekan
Kelantan,P.019 Tumpat,N.04 Wakaf Bharu
Kelantan,P.020 Pengkalan Chepa,N.05 Kijang
Kelantan,P.020 Pengkalan Chepa,N.06 Chempaka
Kelantan,P.020 Pengkalan Chepa,N.07 Panchor
Kelantan,P.021 Kota Bharu,N.08 Tanjong Mas
Kelantan,P.021 Kota Bharu,N.09 Kota Lama
Kelantan,P.021 Kota Bharu,N.10 Bunut Payong
Kelantan,P.022 Pasir Mas,N.11 Tendong
Kelantan,P.022 Pasir Mas,N.12 Pengkalan Pasir
Kelantan,P.022 Pasir Mas,N.13 Meranti
Kelantan,P.023 Rantau Panjang,N.14 Chetok
Kelantan,P.023 Rantau Panjang,N.15 Gual Periok
Kelantan,P.023 Rantau Panjang,N.16 Apam Putra
Kelantan,P.024 Kubang Kerian,N.17 Salor
Kelantan,P.024 Kubang Kerian,N.18 Pasir Tumboh
Kelantan,P.024 Kubang Kerian,N.19 Demit
Kelantan,P.025 Bachok,N.20 Tawang
Kelantan,P.025 Bachok,N.21 Pantai Irama
Kelantan,P.025 Bachok,N.22 Jelawat
Kelantan,P.026 Ketereh,N.23 Melor
Kelantan,P.026 Ketereh,N.24 Kadok
Kelantan,P.026 Ketereh,N.25 Kok Lanas
Kelantan,P.027 Tanah Merah,N.26 Bukit Panau
Kelantan,P.027 Tanah Merah,N.27 Gual Ipoh
Kelantan,P.027 Tanah Merah,N.28 Kemahang
Kelantan,P.028 Pasir Puteh,N.29 Selising
Kelantan,P.028 Pasir Puteh,N.30 Limbongan
Kelantan,P.028 Pasir Puteh,N.31 Semerak
Kelantan,P.028 Pasir Puteh,N.32 Gaal
Kelantan,P.029 Machang,N.33 Pulai Chondong
Kelantan,P.029 Machang,N.34 Temangan
Kelantan,P.029 Machang,N.35 Kemuning
Kelantan,P.030 Jeli,N.36 Bukit Bunga
Kelantan,P.030 Jeli,N.37 Air Lanas
Kelantan,P.030 Jeli,N.38 Kuala Balah
Kelantan,P.031 Kuala Krai,N.39 Mengkebang
Kelantan,P.031 Kuala Krai,N.40 Guchil
Kelantan,P.031 Kuala Krai,N.41 Manek Urai
Kelantan,P.031 Kuala Krai,N.42 Dabong
Kelantan,P.032 Gua Musang,N.43 Nenggiri
Kelantan,P.032 Gua Musang,N.44 Paloh
Kelantan,P.032 Gua Musang,N.45 Galas
Terengganu,P.033 Besut,N.01 Kuala Besut
Terengganu,P.033 Besut,N.02 Kota Putera
Terengganu,P.033 Besut,N.03 Jertih
Terengganu,P.033 Besut,N.04 Hulu Besut
Terengganu,P.034 Setiu,N.05 Jabi
Terengganu,P.034 Setiu,N.06 Permaisuri
Terengganu,P.034 Setiu,N.07 Langkap
Terengganu,P.034 Setiu,N.08 Batu Rakit
Terengganu,P.035 Kuala Nerus,N.09 Tepuh
Terengganu,P.035 Kuala Nerus,N.10 Buluh Gading
Terengganu,P.035 Kuala Nerus,N.11 Seberang Takir
Terengganu,P.035 Kuala Nerus,N.12 Bukit Tunggal
Terengganu,P.036 Kuala Terengganu,N.13 Wakaf Mempelam
Terengganu,P.036 Kuala Terengganu,N.14 Bandar
Terengganu,P.036 Kuala Terengganu,N.15 Ladang
Terengganu,P.036 Kuala Terengganu,N.16 Batu Buruk
Terengganu,P.037 Marang,N.17 Alur Limbat
Terengganu,P.037 Marang,N.18 Bukit Payung
Terengganu,P.037 Marang,N.19 Ru Rendang
Terengganu,P.037 Marang,N.20 Pengkalan Berangan
Terengganu,P.038 Hulu Terengganu,N.21 Telemung
Terengganu,P.038 Hulu Terengganu,N.22 Manir
Terengganu,P.038 Hulu Terengganu,N.23 Kuala Berang
Terengganu,P.038 Hulu Terengganu,N.24 Ajil
Terengganu,P.039 Dungun,N.25 Bukit Besi
Terengganu,P.039 Dungun,N.26 Rantau Abang
Terengganu,P.039 Dungun,N.27 Sura
Terengganu,P.039 Dungun,N.28 Paka
Terengganu,P.040 Kemaman,N.29 Kemasik
Terengganu,P.040 Kemaman,N.30 Kijal
Terengganu,P.040 Kemaman,N.31 Cukai
Terengganu,P.040 Kemaman,N.32 Air Putih
Pulau Pinang,P.041 Kepala Batas,N.01 Penaga
Pulau Pinang,P.041 Kepala Batas,N.02 Bertam
Pulau Pinang,P.041 Kepala Batas,N.03 Pinang Tunggal
Pulau Pinang,P.042 Tasek Gelugor,N.04 Permatang Berangan
Pulau Pinang,P.042 Tasek Gelugor,N.05 Sungai Dua
Pulau Pinang,P.042 Tasek Gelugor,N.06 Telok Ayer Tawar
Pulau Pinang,P.043 Bagan,N.07 Sungai Puyu
Pulau Pinang,P.043 Bagan,N.08 Bagan Jermal
Pulau Pinang,P.043 Bagan,N.09 Bagan Dalam
Pulau Pinang,P.044 Permatang Pauh,N.10 Seberang Jaya
Pulau Pinang,P.044 Permatang Pauh,N.11 Permatang Pasir
Pulau Pinang,P.044 Permatang Pauh,N.12 Penanti
Pulau Pinang,P.045 Bukit Mertajam,N.13 Berapit
Pulau Pinang,P.045 Bukit Mertajam,N.14 Machang Bubuk
Pulau Pinang,P.045 Bukit Mertajam,N.15 Padang Lalang
Pulau Pinang,P.046 Batu Kawan,N.16 Perai
Pulau Pinang,P.046 Batu Kawan,N.17 Bukit Tengah
Pulau Pinang,P.046 Batu Kawan,N.18 Bukit Tambun
Pulau Pinang,P.047 Nibong Tebal,N.19 Jawi
Pulau Pinang,P.047 Nibong Tebal,N.20 Sungai Bakap
Pulau Pinang,P.047 Nibong Tebal,N.21 Sungai Acheh
Pulau Pinang,P.048 Bukit Bendera,N.22 Tanjong Bunga
Pulau Pinang,P.048 Bukit Bendera,N.23 Air Putih
Pulau Pinang,P.048 Bukit Bendera,N.24 Kebun Bunga
Pulau Pinang,P.048 Bukit Bendera,N.25 Pulau Tikus
Pulau Pinang,P.049 Tanjong,N.26 Padang Kota
Pulau Pinang,P.049 Tanjong,N.27 Pengkalan Kota
Pulau Pinang,P.049 Tanjong,N.28 Komtar
Pulau Pinang,P.050 Jelutong,N.29 Datok Keramat
Pulau Pinang,P.050 Jelutong,N.30 Sungai Pinang
Pulau Pinang,P.050 Jelutong,N.31 Batu Lancang
Pulau Pinang,P.051 Bukit Gelugor,N.32 Seri Delima
Pulau Pinang,P.051 Bukit Gelugor,N.33 Air Itam
Pulau Pinang,P.051 Bukit Gelugor,N.34 Paya Terubong
Pulau Pinang,P.052 Bayan Baru,N.35 Batu Uban
Pulau Pinang,P.052 Bayan Baru,N.36 Pantai Jerejak
Pulau Pinang,P.052 Bayan Baru,N.37 Batu Maung
Pulau Pinang,P.053 Balik Pulau,N.38 Bayan Lepas
Pulau Pinang,P.053 Balik Pulau,N.39 Pulau Betong
Pulau Pinang,P.053 Balik Pulau,N.40 Telok Bahang
Perak,P.054 Gerik,N.01 Pengkalan Hulu
Perak,P.054 Gerik,N.02 Temenggor
Perak,P.055 Lenggong,N.03 Kenering
Perak,P.055 Lenggong,N.04 Kota Tampan
Perak,P.056 Larut,N.05 Selama
Perak,P.056 Larut,N.06 Kubu Gajah
Perak,P.056 Larut,N.07 Batu Kurau
Perak,P.057 Parit Buntar,N.08 Titi Serong
Perak,P.057 Parit Buntar,N.09 Kuala Kurau
Perak,P.058 Bagan Serai,N.10 Alor Pongsu
Perak,P.058 Bagan Serai,N.11 Gunong Semanggol
Perak,P.058 Bagan Serai,N.12 Selinsing
Perak,P.059 Bukit Gantang,N.13 Kuala Sepetang
Perak,P.059 Bukit Gantang,N.14 Changkat Jering
Perak,P.059 Bukit Gantang,N.15 Trong
Perak,P.060 Taiping,N.16 Kamunting
Perak,P.060 Taiping,N.17 Pokok Assam
Perak,P.060 Taiping,N.18 Aulong
Perak,P.061 Padang Rengas,N.19 Chenderoh
Perak,P.061 Padang Rengas,N.20 Lubok Merbau
Perak,P.062 Sungai Siput,N.21 Lintang
Perak,P.062 Sungai Siput,N.22 Jalong
Perak,P.063 Tambun,N.23 Manjoi
Perak,P.063 Tambun,N.24 Hulu Kinta
Perak,P.064 Ipoh Timor,N.25 Canning
Perak,P.064 Ipoh Timor,N.26 Tebing Tinggi
Perak,P.064 Ipoh Timor,N.27 Pasir Pinji
Perak,P.065 Ipoh Barat,N.28 Bercham
Perak,P.065 Ipoh Barat,N.29 Kepayang
Perak,P.065 Ipoh Barat,N.30 Buntong
Perak,P.066 Batu Gajah,N.31 Jelapang
Perak,P.066 Batu Gajah,N.32 Menglembu
Perak,P.066 Batu Gajah,N.33 Tronoh
Perak,P.067 Kuala Kangsar,N.34 Bukit Chandan
Perak,P.067 Kuala Kangsar,N.35 Manong
Perak,P.068 Beruas,N.36 Pengkalan Baharu
Perak,P.068 Beruas,N.37 Pantai Remis
Perak,P.068 Beruas,N.38 Astaka
Perak,P.069 Parit,N.39 Belanja
Perak,P.069 Parit,N.40 Bota
Perak,P.070 Kampar,N.41 Malim Nawar
Perak,P.070 Kampar,N.42 Keranji
Perak,P.070 Kampar,N.42 Tualang Sekah
Perak,P.071 Gopeng,N.43 Sungai Rapat
Perak,P.071 Gopeng,N.44 Simpang Pulai
Perak,P.071 Gopeng,N.45 Teja
Perak,P.072 Tapah,N.46 Chenderiang
Perak,P.072 Tapah,N.47 Ayer Kuning
Perak,P.073 Pasir Salak,N.49 Sungai Manik
Perak,P.073 Pasir Salak,N.50 Kampong Gajah
Perak,P.074 Lumut,N.51 Pasir Panjang
Perak,P.074 Lumut,N.52 Pangkor
Perak,P.075 Bagan Datuk,N.53 Rungkup
Perak,P.075 Bagan Datuk,N.54 Hutan Melintang
Perak,P.076 Teluk Intan,N.55 Pasir Bedamar
Perak,P.076 Teluk Intan,N.56 Changkat Jong
Perak,P.077 Tanjung Malim,N.57 Sungkai
Perak,P.077 Tanjung Malim,N.58 Slim
Perak,P.077 Tanjung Malim,N.59 Behrang
Pahang,P.078 Cameron Highlands,N.01 Tanah Rata
Pahang,P.078 Cameron Highlands,N.02 Jelai
Pahang,P.079 Lipis,N.03 Padang Tengku
Pahang,P.079 Lipis,N.04 Cheka
Pahang,P.079 Lipis,N.05 Benta
Pahang,P.080 Raub,N.06 Batu Talam
Pahang,P.080 Raub,N.07 Tras
Pahang,P.080 Raub,N.08 Dong
Pahang,P.081 Jerantut,N.09 Tahan
Pahang,P.081 Jerantut,N.10 Damak
Pahang,P.081 Jerantut,N.11 Pulau Tawar
Pahang,P.082 Indera Mahkota,N.12 Beserah
Pahang,P.082 Indera Mahkota,N.13 Semambu
Pahang,P.083 Kuantan,N.14 Teruntum
Pahang,P.083 Kuantan,N.15 Tanjung Lumpur
Pahang,P.083 Kuantan,N.16 Inderapura
Pahang,P.084 Paya Besar,N.17 Sungai Lembing
Pahang,P.084 Paya Besar,N.18 Lepar
Pahang,P.084 Paya Besar,N.19 Panching
Pahang,P.085 Pekan,N.20 Pulau Manis
Pahang,P.085 Pekan,N.21 Peramu Jaya
Pahang,P.085 Pekan,N.22 Bebar
Pahang,P.085 Pekan,N.23 Chini
Pahang,P.086 Maran,N.24 Luit
Pahang,P.086 Maran,N.25 Kuala Sentul
Pahang,P.086 Maran,N.26 Chenor
Pahang,P.087 Kuala Krau,N.27 Jenderak
Pahang,P.087 Kuala Krau,N.28 Kerdau
Pahang,P.087 Kuala Krau,N.29 Jengka
Pahang,P.088 Temerloh,N.30 Mentakab
Pahang,P.088 Temerloh,N.31 Lanchang
Pahang,P.088 Temerloh,N.32 Kuala Semantan
Pahang,P.089 Bentong,N.33 Bilut
Pahang,P.089 Bentong,N.34 Ketari
Pahang,P.089 Bentong,N.35 Sabai
Pahang,P.089 Bentong,N.36 Pelangai
Pahang,P.090 Bera,N.37 Guai
Pahang,P.090 Bera,N.38 Triang
Pahang,P.090 Bera,N.39 Kemayan
Pahang,P.091 Rompin,N.40 Bukit Ibam
Pahang,P.091 Rompin,N.41 Muadzam Shah
Pahang,P.091 Rompin,N.42 Tioman
Selangor,P.092 Sabak Bernam,N.01 Sungai Air Tawar
Selangor,P.092 Sabak Bernam,N.02 Sabak
Selangor,P.093 Sungai Besar,N.03 Sungai Panjang
Selangor,P.093 Sungai Besar,N.04 Sekinchan
Selangor,P.094 Hulu Selangor,N.05 Hulu Bernam
Selangor,P.094 Hulu Selangor,N.06 Kuala Kubu Baharu
Selangor,P.094 Hulu Selangor,N.07 Batang Kali
Selangor,P.095 Tanjong Karang,N.08 Sungai Burong
Selangor,P.095 Tanjong Karang,N.09 Permatang
Selangor,P.096 Kuala Selangor,N.10 Bukit Melawati
Selangor,P.096 Kuala Selangor,N.11 Ijok
Selangor,P.096 Kuala Selangor,N.12 Jeram
Selangor,P.097 Selayang,N.13 Kuang
Selangor,P.097 Selayang,N.14 Rawang
Selangor,P.097 Selayang,N.15 Taman Templer
Selangor,P.098 Gombak,N.16 Sungai Tua
Selangor,P.098 Gombak,N.17 Gombak Setia
Selangor,P.098 Gombak,N.18 Hulu Kelang
Selangor,P.099 Ampang,N.19 Bukit Antarabangsa
Selangor,P.099 Ampang,N.20 Lembah Jaya
Selangor,P.100 Pandan,N.21 Pandan Indah
Selangor,P.100 Pandan,N.22 Teratai
Selangor,P.101 Hulu Langat,N.23 Dusun Tua
Selangor,P.101 Hulu Langat,N.24 Semenyih
Selangor,P.101 Hulu Langat,N.25 Kajang
Selangor,P.102 Bangi,N.26 Sungai Ramal
Selangor,P.102 Bangi,N.27 Balakong
Selangor,P.102 Bangi,N.28 Seri Kembangan
Selangor,P.103 Puchong,N.29 Seri Serdang
Selangor,P.103 Puchong,N.30 Kinrara
Selangor,P.104 Subang,N.31 Subang Jaya
Selangor,P.104 Subang,N.32 Seri Setia
Selangor,P.105 Petaling Jaya,N.33 Taman Medan
Selangor,P.105 Petaling Jaya,N.34 Bukit Gasing
Selangor,P.106 Damansara,N.35 Kampung Tunku
Selangor,P.106 Damansara,N.36 Bandar Utama
Selangor,P.107 Sungai Buloh,N.37 Bukit Lanjan
Selangor,P.107 Sungai Buloh,N.38 Paya Jaras
Selangor,P.107 Sungai Buloh,N.39 Kota Damansara
Selangor,P.108 Shah Alam,N.40 Kota Anggerik
Selangor,P.108 Shah Alam,N.41 Batu Tiga
Selangor,P.109 Kapar,N.42 Meru
Selangor,P.109 Kapar,N.43 Sementa
Selangor,P.109 Kapar,N.44 Selat Klang
Selangor,P.110 Klang,N.45 Bandar Baru Klang
Selangor,P.110 Klang,N.46 Pelabuhan Klang
Selangor,P.110 Klang,N.47 Pandamaran
Selangor,P.111 Kota Raja,N.48 Sentosa
Selangor,P.111 Kota Raja,N.49 Sungai Kandis
Selangor,P.111 Kota Raja,N.50 Kota Kemuning
Selangor,P.112 Kuala Langat,N.51 Sijangkang
Selangor,P.112 Kuala Langat,N.52 Banting
Selangor,P.112 Kuala Langat,N.53 Morib
Selangor,P.113 Sepang,N.54 Tanjong Sepat
Selangor,P.113 Sepang,N.55 Dengkil
Selangor,P.113 Sepang,N.56 Sungai Pelek
W.P. Kuala Lumpur,P.114 Kepong,
W.P. Kuala Lumpur,P.115 Batu,
W.P. Kuala Lumpur,P.116 Wangsa Maju,
W.P. Kuala Lumpur,P.117 Segambut,
W.P. Kuala Lumpur,P.118 Setiawangsa,
W.P. Kuala Lumpur,P.119 Titiwangsa,
W.P. Kuala Lumpur,P.120 Bukit Bintang,
W.P. Kuala Lumpur,P.121 Lembah Pantai,
W.P. Kuala Lumpur,P.122 Seputeh,
W.P. Kuala Lumpur,P.123 Cheras,
W.P. Kuala Lumpur,P.124 Bandar Tun Razak,
W.P. Putrajaya,P.125 Putrajaya,
Negeri Sembilan,P.126 Jelebu,N.01 Chennah
Negeri Sembilan,P.126 Jelebu,N.02 Pertang
Negeri Sembilan,P.126 Jelebu,N.03 Sungai Lui
Negeri Sembilan,P.126 Jelebu,N.04 Klawang
Negeri Sembilan,P.127 Jempol,N.05 Serting
Negeri Sembilan,P.127 Jempol,N.06 Palong
Negeri Sembilan,P.127 Jempol,N.07 Jeram Padang
Negeri Sembilan,P.127 Jempol,N.08 Bahau
Negeri Sembilan,P.128 Seremban,N.09 Lenggeng
Negeri Sembilan,P.128 Seremban,N.10 Nilai
Negeri Sembilan,P.128 Seremban,N.11 Lobak
Negeri Sembilan,P.128 Seremban,N.12 Temiang
Negeri Sembilan,P.128 Seremban,N.13 Sikamat
Negeri Sembilan,P.129 Kuala Pilah,N.15 Juasseh
Negeri Sembilan,P.129 Kuala Pilah,N.16 Seri Menanti
Negeri Sembilan,P.129 Kuala Pilah,N.17 Senaling
Negeri Sembilan,P.129 Kuala Pilah,N.18 Pilah
Negeri Sembilan,P.129 Kuala Pilah,N.19 Johol
Negeri Sembilan,P.130 Rasah,N.20 Labu
Negeri Sembilan,P.130 Rasah,N.21 Bukit Kepayang
Negeri Sembilan,P.130 Rasah,N.22 Rahang
Negeri Sembilan,P.130 Rasah,N.23 Mambau
Negeri Sembilan,P.130 Rasah,N.24 Seremban Jaya
Negeri Sembilan,P.131 Rembau,N.25 Paroi
Negeri Sembilan,P.131 Rembau,N.26 Chembong
Negeri Sembilan,P.131 Rembau,N.27 Rantau
Negeri Sembilan,P.131 Rembau,N.28 Kota
Negeri Sembilan,P.132 Port Dickson,N.29 Chuah
Negeri Sembilan,P.132 Port Dickson,N.30 Lukut
Negeri Sembilan,P.132 Port Dickson,N.31 Bagan Pinang
Negeri Sembilan,P.132 Port Dickson,N.32 Linggi
Negeri Sembilan,P.132 Port Dickson,N.33 Sri Tanjung
Negeri Sembilan,P.133 Tampin,N.34 Gemas
Negeri Sembilan,P.133 Tampin,N.35 Gemencheh
Negeri Sembilan,P.133 Tampin,N.36 Repah
Melaka,P.134 Masjid Tanah,N.01 Kuala Linggi
Melaka,P.134 Masjid Tanah,N.02 Tanjung Bidara
Melaka,P.134 Masjid Tanah,N.03 Ayer Limau
Melaka,P.134 Masjid Tanah,N.04 Lendu
Melaka,P.134 Masjid Tanah,N.05 Taboh Naning
Melaka,P.135 Alor Gajah,N.06 Rembia
Melaka,P.135 Alor Gajah,N.07 Gadek
Melaka,P.135 Alor Gajah,N.08 Machap Jaya
Melaka,P.135 Alor Gajah,N.09 Durian Tunggal
Melaka,P.135 Alor Gajah,N.10 Asahan
Melaka,P.136 Tangga Batu,N.11 Sungai Udang
Melaka,P.136 Tangga Batu,N.12 Pantai Kundor
Melaka,P.136 Tangga Batu,N.13 Paya Rumput
Melaka,P.136 Tangga Batu,N.14 Kelebang
Melaka,P.137 Hang Tuah Jaya,N.15 Pengkalan Batu
Melaka,P.137 Hang Tuah Jaya,N.16 Ayer Keroh
Melaka,P.137 Hang Tuah Jaya,N.17 Bukit Katil
Melaka,P.137 Hang Tuah Jaya,N.18 Ayer Molek
Melaka,P.138 Kota Melaka,N.19 Kesidang
Melaka,P.138 Kota Melaka,N.20 Kota Laksamana
Melaka,P.138 Kota Melaka,N.21 Duyong
Melaka,P.138 Kota Melaka,N.22 Bandar Hilir
Melaka,P.138 Kota Melaka,N.23 Telok Mas
Melaka,P.139 Jasin,N.24 Bemban
Melaka,P.139 Jasin,N.25 Rim
Melaka,P.139 Jasin,N.26 Serkam
Melaka,P.139 Jasin,N.27 Merlimau
Melaka,P.139 Jasin,N.28 Sungai Rambai
Johor,P.140 Segamat,N.01 Buloh Kasap
Johor,P.140 Segamat,N.02 Jementah
Johor,P.141 Sekijang,N.03 Pemanis
Johor,P.141 Sekijang,N.04 Kemelah
Johor,P.142 Labis,N.05 Tenang
Johor,P.142 Labis,N.06 Bekok
Johor,P.143 Pagoh,N.07 Bukit Kepong
Johor,P.143 Pagoh,N.08 Bukit Pasir
Johor,P.144 Ledang,N.09 Gambir
Johor,P.144 Ledang,N.10 Tangkak
Johor,P.144 Ledang,N.11 Serom
Johor,P.145 Bakri,N.12 Bentayan
Johor,P.145 Bakri,N.13 Simpang Jeram
Johor,P.145 Bakri,N.14 Bukit Naning
Johor,P.146 Muar,N.15 Maharani
Johor,P.146 Muar,N.16 Sungai Balang
Johor,P.147 Parit Sulong,N.17 Semerah
Johor,P.147 Parit Sulong,N.18 Sri Medan
Johor,P.148 Ayer Hitam,N.19 Yong Peng
Johor,P.148 Ayer Hitam,N.20 Semarang
Johor,P.149 Sri Gading,N.21 Parit Yaani
Johor,P.149 Sri Gading,N.22 Parit Raja
Johor,P.150 Batu Pahat,N.23 Penggaram
Johor,P.150 Batu Pahat,N.24 Senggarang
Johor,P.150 Batu Pahat,N.25 Rengit
Johor,P.151 Simpang Renggam,N.26 Machap
Johor,P.151 Simpang Renggam,N.27 Layang-Layang
Johor,P.152 Kluang,N.28 Mengkibol
Johor,P.152 Kluang,N.29 Mahkota
Johor,P.153 Sembrong,N.30 Paloh
Johor,P.153 Sembrong,N.31 Kahang
Johor,P.154 Mersing,N.32 Endau
Johor,P.154 Mersing,N.33 Tenggaroh
Johor,P.155 Tenggara,N.34 Panti
Johor,P.155 Tenggara,N.35 Pasir Raja
Johor,P.156 Kota Tinggi,N.36 Sedili
Johor,P.156 Kota Tinggi,N.37 Johor Lama
Johor,P.157 Pengerang,N.38 Penawar
Johor,P.157 Pengerang,N.39 Tanjung Surat
Johor,P.158 Tebrau,N.40 Tiram
Johor,P.158 Tebrau,N.41 Puteri Wangsa
Johor,P.159 Pasir Gudang,N.42 Johor Jaya
Johor,P.159 Pasir Gudang,N.43 Permas
Johor,P.160 Johor Bahru,N.44 Larkin
Johor,P.160 Johor Bahru,N.45 Stulang
Johor,P.161 Pulai,N.46 Perling
Johor,P.161 Pulai,N.47 Kempas
Johor,P.162 Iskandar Puteri,N.48 Skudai
Johor,P.162 Iskandar Puteri,N.49 Kota Iskandar
Johor,P.163 Kulai,N.50 Bukit Permai
Johor,P.163 Kulai,N.51 Bukit Batu
Johor,P.163 Kulai,N.52 Senai
Johor,P.164 Pontian,N.53 Benut
Johor,P.164 Pontian,N.54 Pulai Sebatang
Johor,P.165 Tanjung Piai,N.55 Pekan Nanas
Johor,P.165 Tanjung Piai,N.56 Kukup
W.P. Labuan,P.166 Labuan,
Sabah,P.167 Kudat,N.01 Banggi
Sabah,P.167 Kudat,N.02 Bengkoka
Sabah,P.167 Kudat,N.03 Pitas
Sabah,P.167 Kudat,N.04 Tanjong Kapor
Sabah,P.168 Kota Marudu,N.05 Matunggong
Sabah,P.168 Kota Marudu,N.06 Bandau
Sabah,P.168 Kota Marudu,N.07 Tandek
Sabah,P.169 Kota Belud,N.08 Pintasan
Sabah,P.169 Kota Belud,N.09 Tempasuk
Sabah,P.169 Kota Belud,N.10 Usukan
Sabah,P.169 Kota Belud,N.11 Kadamaian
Sabah,P.170 Tuaran,N.12 Sulaman
Sabah,P.170 Tuaran,N.13 Pantai Dalit
Sabah,P.170 Tuaran,N.14 Tamparuli
Sabah,P.170 Tuaran,N.15 Kiulu
Sabah,P.171 Sepanggar,N.16 Karambunai
Sabah,P.171 Sepanggar,N.17 Darau
Sabah,P.171 Sepanggar,N.18 Inanam
Sabah,P.172 Kota Kinabalu,N.19 Likas
Sabah,P.172 Kota Kinabalu,N.20 Api-Api
Sabah,P.172 Kota Kinabalu,N.21 Luyang
Sabah,P.173 Putatan,N.22 Tanjong Aru
Sabah,P.173 Putatan,N.23 Petagas
Sabah,P.173 Putatan,N.24 Tanjung Keramat
Sabah,P.174 Penampang,N.25 Kapayan
Sabah,P.174 Penampang,N.26 Moyog
Sabah,P.175 Papar,N.27 Limbahau
Sabah,P.175 Papar,N.28 Kawang
Sabah,P.175 Papar,N.29 Pantai Manis
Sabah,P.176 Kimanis,N.30 Bongawan
Sabah,P.176 Kimanis,N.31 Membakut
Sabah,P.177 Beaufort,N.32 Klias
Sabah,P.177 Beaufort,N.33 Kuala Penyu
Sabah,P.178 Sipitang,N.34 Lumadan
Sabah,P.178 Sipitang,N.35 Sindumin
Sabah,P.179 Ranau,N.36 Kundasang
Sabah,P.179 Ranau,N.37 Karanaan
Sabah,P.179 Ranau,N.38 Paginatan
Sabah,P.180 Keningau,N.39 Tambunan
Sabah,P.180 Keningau,N.40 Bingkor
Sabah,P.180 Keningau,N.41 Liawan
Sabah,P.181 Tenom,N.42 Melalap
Sabah,P.181 Tenom,N.43 Kemabong
Sabah,P.182 Pensiangan,N.44 Tulid
Sabah,P.182 Pensiangan,N.45 Sook
Sabah,P.182 Pensiangan,N.46 Nabawan
Sabah,P.183 Beluran,N.47 Telupid
Sabah,P.183 Beluran,N.48 Sugut
Sabah,P.183 Beluran,N.49 Labuk
Sabah,P.184 Libaran,N.50 Gum-Gum
Sabah,P.184 Libaran,N.51 Sungai Manila
Sabah,P.184 Libaran,N.52 Sungai Sibuga
Sabah,P.185 Batu Sapi,N.53 Sekong
Sabah,P.185 Batu Sapi,N.54 Karamunting
Sabah,P.186 Sandakan,N.55 Elopura
Sabah,P.186 Sandakan,N.56 Tanjong Papat
Sabah,P.187 Kinabatangan,N.57 Kuamut
Sabah,P.187 Kinabatangan,N.58 Lamag
Sabah,P.187 Kinabatangan,N.59Sukau
Sabah,P.188 Lahad Datu,N.60 Tungku
Sabah,P.188 Lahad Datu,N.61 Segama
Sabah,P.188 Lahad Datu,N.62 Silam
Sabah,P.188 Lahad Datu,N.63 Kunak
Sabah,P.189 Semporna,N.64 Sulabayan
Sabah,P.189 Semporna,N.65 Senallang
Sabah,P.189 Semporna,N.66 Bugaya
Sabah,P.190 Tawau,N.67 Balung
Sabah,P.190 Tawau,N.68 Apas
Sabah,P.190 Tawau,N.69 Sri Tanjong
Sabah,P.191 Kalabakan,N.70 Kukusan
Sabah,P.191 Kalabakan,N.71 Tanjung Batu
Sabah,P.191 Kalabakan,N.72 Merotai
Sabah,P.191 Kalabakan,N.73 Sebatik
Sarawak,P.192 Mas Gading,N.01 Opar
Sarawak,P.192 Mas Gading,N.02 Tasik Biru
Sarawak,P.193 Santubong,N.03 Tanjong Datu
Sarawak,P.193 Santubong,N.04 Pantai Damai
Sarawak,P.193 Santubong,N.05 Demak Laut
Sarawak,P.194 Petra Jaya,N.06 Tupong
Sarawak,P.194 Petra Jaya,N.07 Samariang
Sarawak,P.194 Petra Jaya,N.08 Satok
Sarawak,P.195 Bandar Kuching,N.09 Padungan
Sarawak,P.195 Bandar Kuching,N.10 Pending
Sarawak,P.195 Bandar Kuching,N.11 Batu Lintang
Sarawak,P.196 Stampin,N.12 Kota Sentosa
Sarawak,P.196 Stampin,N.13 Batu Kitang
Sarawak,P.196 Stampin,N.14 Batu Kawah
Sarawak,P.197 Kota Samarahan,N.15 Asajaya
Sarawak,P.197 Kota Samarahan,N.16 Muara Tuang
Sarawak,P.197 Kota Samarahan,N.17 Stakan
Sarawak,P.198 Puncak Borneo,N.18 Serembu
Sarawak,P.198 Puncak Borneo,N.19 Mambong
Sarawak,P.198 Puncak Borneo,N.20 Tarat
Sarawak,P.199 Serian,N.21 Tebedu
Sarawak,P.199 Serian,N.22 Kedup
Sarawak,P.199 Serian,N.23 Bukit Semuja
Sarawak,P.200 Batang Sadong,N.25 Sadong Jaya
Sarawak,P.200 Batang Sadong,N.25 Simunjan
Sarawak,P.200 Batang Sadong,N.26 Gedong
Sarawak,P.201 Batang Lupar,N.27 Sebuyau
Sarawak,P.201 Batang Lupar,N.28 Lingga
Sarawak,P.201 Batang Lupar,N.29 Beting Maro
Sarawak,P.202 Sri Aman,N.30 Balai Ringin
Sarawak,P.202 Sri Aman,N.31 Bukit Begunan
Sarawak,P.202 Sri Aman,N.32 Simanggang
Sarawak,P.203 Lubok Antu,N.33 Engkilili
Sarawak,P.203 Lubok Antu,N.34 Batang Ai
Sarawak,P.204 Betong,N.35 Saribas
Sarawak,P.204 Betong,N.36 Layar
Sarawak,P.204 Betong,N.37 Bukit Saban
Sarawak,P.205 Saratok,N.38 Kalaka
Sarawak,P.205 Saratok,N.39 Krian
Sarawak,P.205 Saratok,N.40 Kabong
Sarawak,P.206 Tanjong Manis,N.41 Kuala Rajang
Sarawak,P.206 Tanjong Manis,N.42 Semop
Sarawak,P.207 Igan,N.43 Daro
Sarawak,P.207 Igan,N.44 Jemoreng
Sarawak,P.208 Sarikei,N.45 Repok
Sarawak,P.208 Sarikei,N.46 Meradong
Sarawak,P.209 Julau,N.47 Pakan
Sarawak,P.209 Julau,N.48 Meluan
Sarawak,P.210 Kanowit,N.49 Ngemah
Sarawak,P.210 Kanowit,N.50 Machan
Sarawak,P.211 Lanang,N.51 Bukit Assek
Sarawak,P.211 Lanang,N.52 Dudong
Sarawak,P.212 Sibu,N.53 Bawang Assan
Sarawak,P.212 Sibu,N.54 Pelawan
Sarawak,P.212 Sibu,N.55 Nangka
Sarawak,P.213 Mukah,N.56 Dalat
Sarawak,P.213 Mukah,N.57 Tellian
Sarawak,P.213 Mukah,N.58 Balingian
Sarawak,P.214 Selangau,N.59 Tamin
Sarawak,P.214 Selangau,N.60 Kakus
Sarawak,P.215 Kapit,N.61 Pelagus
Sarawak,P.215 Kapit,N.62 Katibas
Sarawak,P.215 Kapit,N.63 Bukit Goram
Sarawak,P.216 Hulu Rajang,N.64 Baleh
Sarawak,P.216 Hulu Rajang,N.65 Belaga
Sarawak,P.216 Hulu Rajang,N.66 Murum
Sarawak,P.217 Bintulu,N.67 Jepak
Sarawak,P.217 Bintulu,N.68 Tanjong Batu
Sarawak,P.217 Bintulu,N.69 Kemena
Sarawak,P.217 Bintulu,N.70 Samalaju
Sarawak,P.218 Sibuti,N.71 Bekenu
Sarawak,P.218 Sibuti,N.72 Lambir
Sarawak,P.219 Miri,N.73 Piasau
Sarawak,P.219 Miri,N.74 Pujut
Sarawak,P.219 Miri,N.75 Senadin
Sarawak,P.220 Baram,N.76 Marudi
Sarawak,P.220 Baram,N.77 Telang Usan
Sarawak,P.220 Baram,N.78 Mulu
Sarawak,P.221 Limbang,N.79 Bukit Kota
Sarawak,P.221 Limbang,N.80 Baru Danau
Sarawak,P.222 Lawas,N.81 Ba'kelalan
Sarawak,P.222 Lawas,N.82 Bukit Sari
